{"cameraMode":{"drawMode":0,"name":"Shaded","section":"Shading Mode"},"sceneLighting":true,"audioPlay":false,"sceneViewState":{"m_AlwaysRefresh":false,"showFog":true,"showSkybox":true,"showFlares":true,"showImageEffects":true,"showParticleSystems":true,"showVisualEffectGraphs":true,"m_FxEnabled":true},"in2DMode":false,"pivot":{"x":-0.3692418932914734,"y":-1.934206485748291,"z":4.33977746963501},"rotation":{"x":-0.2218237817287445,"y":0.032755620777606967,"z":-0.007441658526659012,"w":-0.9745227694511414},"size":10.618380546569825,"orthographic":false}